<?xml version="1.0" encoding="UTF-8"?><rss version="2.0"
	xmlns:content="http://purl.org/rss/1.0/modules/content/"
	xmlns:wfw="http://wellformedweb.org/CommentAPI/"
	xmlns:dc="http://purl.org/dc/elements/1.1/"
	xmlns:atom="http://www.w3.org/2005/Atom"
	xmlns:sy="http://purl.org/rss/1.0/modules/syndication/"
	xmlns:slash="http://purl.org/rss/1.0/modules/slash/"
	>

<channel>
	<title>Pizze Gourmet</title>
	<atom:link href="./index.html" rel="self" type="application/rss+xml" />
	<link>./../../../index.html</link>
	<description></description>
	<lastBuildDate>Thu, 02 Mar 2023 14:16:32 +0000</lastBuildDate>
	<language>it-IT</language>
	<sy:updatePeriod>
	hourly	</sy:updatePeriod>
	<sy:updateFrequency>
	1	</sy:updateFrequency>
	<generator>https://wordpress.org/?v=6.1.1</generator>
	<item>
		<title>Elisir</title>
		<link>./../../../2023/03/02/elisir/index.html</link>
					<comments>./../../../2023/03/02/elisir/index.html#respond</comments>
		
		<dc:creator><![CDATA[Mike]]></dc:creator>
		<pubDate>Thu, 02 Mar 2023 13:58:39 +0000</pubDate>
				<category><![CDATA[Pizze Gourmet]]></category>
		<guid isPermaLink="false">./../../../index.html?p=49</guid>

					<description><![CDATA[]]></description>
										<content:encoded><![CDATA[]]></content:encoded>
					
					<wfw:commentRss>./../../../2023/03/02/elisir/feed/index.html</wfw:commentRss>
			<slash:comments>0</slash:comments>
		
		
			</item>
		<item>
		<title>Mani di velluto</title>
		<link>./../../../2023/03/02/mani-di-velluto/index.html</link>
					<comments>./../../../2023/03/02/mani-di-velluto/index.html#respond</comments>
		
		<dc:creator><![CDATA[Mike]]></dc:creator>
		<pubDate>Thu, 02 Mar 2023 13:58:23 +0000</pubDate>
				<category><![CDATA[Pizze Gourmet]]></category>
		<guid isPermaLink="false">./../../../index.html?p=47</guid>

					<description><![CDATA[]]></description>
										<content:encoded><![CDATA[]]></content:encoded>
					
					<wfw:commentRss>./../../../2023/03/02/mani-di-velluto/feed/index.html</wfw:commentRss>
			<slash:comments>0</slash:comments>
		
		
			</item>
		<item>
		<title>5 Formaggi al tartufo</title>
		<link>./../../../2023/03/02/5-formaggi-al-tartufo/index.html</link>
					<comments>./../../../2023/03/02/5-formaggi-al-tartufo/index.html#respond</comments>
		
		<dc:creator><![CDATA[Mike]]></dc:creator>
		<pubDate>Thu, 02 Mar 2023 13:57:59 +0000</pubDate>
				<category><![CDATA[Pizze Gourmet]]></category>
		<guid isPermaLink="false">./../../../index.html?p=45</guid>

					<description><![CDATA[]]></description>
										<content:encoded><![CDATA[]]></content:encoded>
					
					<wfw:commentRss>./../../../2023/03/02/5-formaggi-al-tartufo/feed/index.html</wfw:commentRss>
			<slash:comments>0</slash:comments>
		
		
			</item>
		<item>
		<title>Stella alpina</title>
		<link>./../../../2023/03/02/stella-alpina/index.html</link>
					<comments>./../../../2023/03/02/stella-alpina/index.html#respond</comments>
		
		<dc:creator><![CDATA[Mike]]></dc:creator>
		<pubDate>Thu, 02 Mar 2023 13:57:25 +0000</pubDate>
				<category><![CDATA[Pizze Gourmet]]></category>
		<guid isPermaLink="false">./../../../index.html?p=43</guid>

					<description><![CDATA[]]></description>
										<content:encoded><![CDATA[]]></content:encoded>
					
					<wfw:commentRss>./../../../2023/03/02/stella-alpina/feed/index.html</wfw:commentRss>
			<slash:comments>0</slash:comments>
		
		
			</item>
		<item>
		<title>Cocktail</title>
		<link>./../../../2023/03/02/cocktail/index.html</link>
					<comments>./../../../2023/03/02/cocktail/index.html#respond</comments>
		
		<dc:creator><![CDATA[Mike]]></dc:creator>
		<pubDate>Thu, 02 Mar 2023 13:56:23 +0000</pubDate>
				<category><![CDATA[Pizze Gourmet]]></category>
		<guid isPermaLink="false">./../../../index.html?p=41</guid>

					<description><![CDATA[]]></description>
										<content:encoded><![CDATA[]]></content:encoded>
					
					<wfw:commentRss>./../../../2023/03/02/cocktail/feed/index.html</wfw:commentRss>
			<slash:comments>0</slash:comments>
		
		
			</item>
	</channel>
</rss>
