<?xml version="1.0" encoding="UTF-8"?><rss version="2.0"
	xmlns:content="http://purl.org/rss/1.0/modules/content/"
	xmlns:wfw="http://wellformedweb.org/CommentAPI/"
	xmlns:dc="http://purl.org/dc/elements/1.1/"
	xmlns:atom="http://www.w3.org/2005/Atom"
	xmlns:sy="http://purl.org/rss/1.0/modules/syndication/"
	xmlns:slash="http://purl.org/rss/1.0/modules/slash/"
	>

<channel>
	<title>Pizze Tradizionali</title>
	<atom:link href="./index.html" rel="self" type="application/rss+xml" />
	<link>./../../../index.html</link>
	<description></description>
	<lastBuildDate>Thu, 02 Mar 2023 14:17:54 +0000</lastBuildDate>
	<language>it-IT</language>
	<sy:updatePeriod>
	hourly	</sy:updatePeriod>
	<sy:updateFrequency>
	1	</sy:updateFrequency>
	<generator>https://wordpress.org/?v=6.1.1</generator>
	<item>
		<title>Ortolana</title>
		<link>./../../../2023/03/02/ortolana/index.html</link>
					<comments>./../../../2023/03/02/ortolana/index.html#respond</comments>
		
		<dc:creator><![CDATA[Mike]]></dc:creator>
		<pubDate>Thu, 02 Mar 2023 13:59:08 +0000</pubDate>
				<category><![CDATA[Pizze Tradizionali]]></category>
		<guid isPermaLink="false">./../../../index.html?p=51</guid>

					<description><![CDATA[]]></description>
										<content:encoded><![CDATA[]]></content:encoded>
					
					<wfw:commentRss>./../../../2023/03/02/ortolana/feed/index.html</wfw:commentRss>
			<slash:comments>0</slash:comments>
		
		
			</item>
		<item>
		<title>Diavola</title>
		<link>./../../../2023/03/02/diavola/index.html</link>
					<comments>./../../../2023/03/02/diavola/index.html#respond</comments>
		
		<dc:creator><![CDATA[Mike]]></dc:creator>
		<pubDate>Thu, 02 Mar 2023 13:51:12 +0000</pubDate>
				<category><![CDATA[Pizze Tradizionali]]></category>
		<guid isPermaLink="false">./../../../index.html?p=36</guid>

					<description><![CDATA[]]></description>
										<content:encoded><![CDATA[]]></content:encoded>
					
					<wfw:commentRss>./../../../2023/03/02/diavola/feed/index.html</wfw:commentRss>
			<slash:comments>0</slash:comments>
		
		
			</item>
		<item>
		<title>Marinara</title>
		<link>./../../../2023/03/02/pizza-marinara/index.html</link>
					<comments>./../../../2023/03/02/pizza-marinara/index.html#respond</comments>
		
		<dc:creator><![CDATA[Mike]]></dc:creator>
		<pubDate>Thu, 02 Mar 2023 13:50:43 +0000</pubDate>
				<category><![CDATA[Pizze Tradizionali]]></category>
		<guid isPermaLink="false">./../../../index.html?p=34</guid>

					<description><![CDATA[]]></description>
										<content:encoded><![CDATA[]]></content:encoded>
					
					<wfw:commentRss>./../../../2023/03/02/pizza-marinara/feed/index.html</wfw:commentRss>
			<slash:comments>0</slash:comments>
		
		
			</item>
		<item>
		<title>Capricciosa</title>
		<link>./../../../2023/03/02/pizza-capricciosa/index.html</link>
					<comments>./../../../2023/03/02/pizza-capricciosa/index.html#respond</comments>
		
		<dc:creator><![CDATA[Mike]]></dc:creator>
		<pubDate>Thu, 02 Mar 2023 13:50:28 +0000</pubDate>
				<category><![CDATA[Pizze Tradizionali]]></category>
		<guid isPermaLink="false">./../../../index.html?p=32</guid>

					<description><![CDATA[]]></description>
										<content:encoded><![CDATA[]]></content:encoded>
					
					<wfw:commentRss>./../../../2023/03/02/pizza-capricciosa/feed/index.html</wfw:commentRss>
			<slash:comments>0</slash:comments>
		
		
			</item>
		<item>
		<title>Margherita</title>
		<link>./../../../2023/03/02/pizza-margherita/index.html</link>
					<comments>./../../../2023/03/02/pizza-margherita/index.html#respond</comments>
		
		<dc:creator><![CDATA[Mike]]></dc:creator>
		<pubDate>Thu, 02 Mar 2023 13:50:09 +0000</pubDate>
				<category><![CDATA[Pizze Tradizionali]]></category>
		<guid isPermaLink="false">./../../../index.html?p=30</guid>

					<description><![CDATA[]]></description>
										<content:encoded><![CDATA[]]></content:encoded>
					
					<wfw:commentRss>./../../../2023/03/02/pizza-margherita/feed/index.html</wfw:commentRss>
			<slash:comments>0</slash:comments>
		
		
			</item>
	</channel>
</rss>
